,sofifa_id,player_url,short_name,long_name,player_positions,overall,potential,value_eur,wage_eur,age,dob,height_cm,weight_kg,club_team_id,club_name,league_name,league_level,club_position,club_jersey_number,club_loaned_from,club_joined,club_contract_valid_until,nationality_id,nationality_name,nation_team_id,nation_position,nation_jersey_number,preferred_foot,weak_foot,skill_moves,international_reputation,work_rate,body_type,real_face,release_clause_eur,player_tags,player_traits,pace,shooting,passing,dribbling,defending,physic,attacking_crossing,attacking_finishing,attacking_heading_accuracy,attacking_short_passing,attacking_volleys,skill_dribbling,skill_curve,skill_fk_accuracy,skill_long_passing,skill_ball_control,movement_acceleration,movement_sprint_speed,movement_agility,movement_reactions,movement_balance,power_shot_power,power_jumping,power_stamina,power_strength,power_long_shots,mentality_aggression,mentality_interceptions,mentality_positioning,mentality_vision,mentality_penalties,mentality_composure,defending_marking_awareness,defending_standing_tackle,defending_sliding_tackle,goalkeeping_diving,goalkeeping_handling,goalkeeping_kicking,goalkeeping_positioning,goalkeeping_reflexes,goalkeeping_speed,ls,st,rs,lw,lf,cf,rf,rw,lam,cam,ram,lm,lcm,cm,rcm,rm,lwb,ldm,cdm,rdm,rwb,lb,lcb,cb,rcb,rb,gk,player_face_url,club_logo_url,club_flag_url,nation_logo_url,nation_flag_url
15,203376,https://sofifa.com/player/203376/virgil-van-dijk/220002,V. van Dijk,Virgil van Dijk,CB,89,89,86000000.0,230000.0,29,1991-07-08,193,92,9.0,Liverpool,English Premier League,1.0,LCB,4.0,,2018-01-01,2025.0,34,Netherlands,105035.0,LCB,4.0,Right,3,2,4,Medium/Medium,Unique,Yes,159100000.0,"#Tackling, #Tactician, #Strength, #Complete Defender","Leadership, Long Passer (AI), Power Header",78.0,60.0,71.0,72.0,91.0,84.0,53,52,87,79,45,70,60,70,86,76,66,88,61,87,53,81,90,69,92,64,83,90,47,65,62,90,92,92,86,13,10,13,11,11,,70+3,70+3,70+3,67,69,69,69,67,70+3,70+3,70+3,70+3,75+3,75+3,75+3,70+3,79+3,84+3,84+3,84+3,79+3,81+3,88+1,88+1,88+1,81+3,20+3,https://cdn.sofifa.net/players/203/376/22_120.png,https://cdn.sofifa.net/teams/9/60.png,https://cdn.sofifa.net/flags/gb-eng.png,https://cdn.sofifa.net/teams/105035/60.png,https://cdn.sofifa.net/flags/nl.png
16,208722,https://sofifa.com/player/208722/sadio-mane/220002,S. Mané,Sadio Mané,LW,89,89,101000000.0,270000.0,29,1992-04-10,175,69,9.0,Liverpool,English Premier League,1.0,LW,10.0,,2016-07-01,2023.0,136,Senegal,,,,Right,4,4,4,High/Medium,Unique,Yes,186900000.0,"#Speedster, #Dribbler, #Acrobat, #Clinical Finisher, #Complete Forward","Flair, Speed Dribbler (AI)",91.0,83.0,80.0,89.0,44.0,77.0,78,86,84,84,75,90,77,64,71,88,93,90,93,91,88,83,87,85,72,80,75,35,90,84,71,84,42,42,38,10,10,15,7,14,,86+3,86+3,86+3,87,88,88,88,87,87+2,87+2,87+2,86+3,80+3,80+3,80+3,86+3,68+3,65+3,65+3,65+3,68+3,65+3,59+3,59+3,59+3,65+3,19+3,https://cdn.sofifa.net/players/208/722/22_120.png,https://cdn.sofifa.net/teams/9/60.png,https://cdn.sofifa.net/flags/gb-eng.png,,https://cdn.sofifa.net/flags/sn.png
17,209331,https://sofifa.com/player/209331/mohamed-salah/220002,M. Salah,Mohamed Salah Ghaly,RW,89,89,101000000.0,270000.0,29,1992-06-15,175,71,9.0,Liverpool,English Premier League,1.0,RW,11.0,,2017-07-01,2023.0,111,Egypt,,,,Left,3,4,4,High/Medium,Unique,Yes,186900000.0,"#Speedster, #Dribbler, #Acrobat, #Clinical Finisher, #Complete Forward","Finesse Shot, Long Shot Taker (AI), Speed Dribbler (AI), Outside Foot Shot, Chip Shot (AI)",90.0,87.0,81.0,90.0,45.0,75.0,79,91,59,84,81,90,83,69,75,89,89,91,91,92,91,82,69,85,75,84,63,55,91,83,86,90,38,43,41,14,14,9,11,14,,85+3,85+3,85+3,88,88,88,88,88,87+2,87+2,87+2,87+2,82+3,82+3,82+3,87+2,71+3,68+3,68+3,68+3,71+3,67+3,58+3,58+3,58+3,67+3,22+3,https://cdn.sofifa.net/players/209/331/22_120.png,https://cdn.sofifa.net/teams/9/60.png,https://cdn.sofifa.net/flags/gb-eng.png,,https://cdn.sofifa.net/flags/eg.png
20,212831,https://sofifa.com/player/212831/alisson-ramses-becker/220002,Alisson,Alisson Ramsés Becker,GK,89,90,82000000.0,190000.0,28,1992-10-02,191,91,9.0,Liverpool,English Premier League,1.0,GK,1.0,,2018-07-19,2027.0,54,Brazil,,,,Right,3,1,3,Medium/Medium,Unique,Yes,157900000.0,,"GK Long Throw, Rushes Out Of Goal",,,,,,,17,13,29,45,20,27,19,18,44,30,56,47,40,87,37,63,52,32,78,14,27,11,13,66,23,65,15,19,16,86,86,84,90,89,52.0,37+3,37+3,37+3,35,38,38,38,35,40+3,40+3,40+3,38+3,40+3,40+3,40+3,38+3,31+3,35+3,35+3,35+3,31+3,30+3,31+3,31+3,31+3,30+3,87+3,https://cdn.sofifa.net/players/212/831/22_120.png,https://cdn.sofifa.net/teams/9/60.png,https://cdn.sofifa.net/flags/gb-eng.png,,https://cdn.sofifa.net/flags/br.png
42,216267,https://sofifa.com/player/216267/andrew-robertson/220002,A. Robertson,Andrew Robertson,LB,87,88,83500000.0,175000.0,27,1994-03-11,178,64,9.0,Liverpool,English Premier League,1.0,LB,26.0,,2017-07-21,2026.0,42,Scotland,1359.0,LWB,3.0,Left,2,3,3,High/High,Unique,Yes,160700000.0,"#Engine, #Crosser","Leadership, Early Crosser, Speed Dribbler (AI)",84.0,61.0,81.0,81.0,82.0,76.0,88,55,67,82,32,81,82,71,76,83,83,85,78,85,74,76,62,95,65,65,85,83,77,80,55,83,83,84,81,11,8,10,7,14,,72+3,72+3,72+3,79,77,77,77,79,79+3,79+3,79+3,81+3,81+3,81+3,81+3,81+3,85+3,82+3,82+3,82+3,85+3,84+3,79+3,79+3,79+3,84+3,18+3,https://cdn.sofifa.net/players/216/267/22_120.png,https://cdn.sofifa.net/teams/9/60.png,https://cdn.sofifa.net/flags/gb-eng.png,https://cdn.sofifa.net/teams/1359/60.png,https://cdn.sofifa.net/flags/gb-sct.png
44,231281,https://sofifa.com/player/231281/trent-alexander-arnold/220002,T. Alexander-Arnold,Trent Alexander-Arnold,RB,87,92,114000000.0,150000.0,22,1998-10-07,180,69,9.0,Liverpool,English Premier League,1.0,RB,66.0,,2015-10-07,2025.0,14,England,1318.0,SUB,22.0,Right,4,3,3,High/Medium,Unique,Yes,219500000.0,#Crosser,"Early Crosser, Long Passer (AI), Long Shot Taker (AI)",79.0,68.0,88.0,80.0,80.0,72.0,92,60,69,86,62,78,87,85,90,86,77,80,73,82,73,82,66,88,63,75,74,82,77,87,55,81,80,83,79,14,15,14,6,7,,75+3,75+3,75+3,80,79,79,79,80,81+3,81+3,81+3,82+3,84+3,84+3,84+3,82+3,84+3,83+3,83+3,83+3,84+3,83+3,78+3,78+3,78+3,83+3,19+3,https://cdn.sofifa.net/players/231/281/22_120.png,https://cdn.sofifa.net/teams/9/60.png,https://cdn.sofifa.net/flags/gb-eng.png,https://cdn.sofifa.net/teams/1318/60.png,https://cdn.sofifa.net/flags/gb-eng.png
51,189509,https://sofifa.com/player/189509/thiago-alcantara/220002,Thiago,Thiago Alcântara do Nascimento,"CM, CDM",86,86,65000000.0,180000.0,30,1991-04-11,174,70,9.0,Liverpool,English Premier League,1.0,LCM,6.0,,2020-09-18,2024.0,45,Spain,1362.0,SUB,10.0,Right,3,5,3,Medium/Medium,Normal (170-185),Yes,120300000.0,"#Dribbler, #Acrobat","Injury Prone, Dives Into Tackles (AI), Flair, Playmaker (AI), Outside Foot Shot, Technical Dribbler (AI)",63.0,72.0,86.0,90.0,70.0,66.0,78,68,54,90,82,90,85,77,89,92,72,55,91,84,90,75,80,74,59,73,72,82,75,85,75,88,67,71,68,6,11,7,9,13,,74+3,74+3,74+3,81,80,80,80,81,84+2,84+2,84+2,82+3,85+1,85+1,85+1,82+3,77+3,80+3,80+3,80+3,77+3,75+3,71+3,71+3,71+3,75+3,18+3,https://cdn.sofifa.net/players/189/509/22_120.png,https://cdn.sofifa.net/teams/9/60.png,https://cdn.sofifa.net/flags/gb-eng.png,https://cdn.sofifa.net/teams/1362/60.png,https://cdn.sofifa.net/flags/es.png
61,209499,https://sofifa.com/player/209499/fabio-henrique-tavares/220002,Fabinho,Fábio Henrique Tavares,"CDM, CB",86,88,73500000.0,165000.0,27,1993-10-23,188,78,9.0,Liverpool,English Premier League,1.0,CDM,3.0,,2018-07-01,2026.0,54,Brazil,,,,Right,2,3,3,Medium/High,Unique,Yes,141500000.0,"#Tackling, #Tactician ","Dives Into Tackles (AI), Long Passer (AI)",67.0,69.0,78.0,78.0,85.0,83.0,75,63,75,84,47,78,71,53,82,81,65,68,64,86,64,81,75,88,81,70,85,87,70,75,90,84,86,87,85,13,12,6,8,8,,74+3,74+3,74+3,75,75,75,75,75,76+3,76+3,76+3,77+3,81+3,81+3,81+3,77+3,82+3,84+3,84+3,84+3,82+3,82+3,84+3,84+3,84+3,82+3,18+3,https://cdn.sofifa.net/players/209/499/22_120.png,https://cdn.sofifa.net/teams/9/60.png,https://cdn.sofifa.net/flags/gb-eng.png,,https://cdn.sofifa.net/flags/br.png
85,201942,https://sofifa.com/player/201942/roberto-firmino-barbosa-de-oliveira/220002,Roberto Firmino,Roberto Firmino Barbosa de Oliveira,CF,85,85,54000000.0,185000.0,29,1991-10-02,181,76,9.0,Liverpool,English Premier League,1.0,CF,9.0,,2015-07-06,2023.0,54,Brazil,,,,Right,4,5,3,High/High,Unique,Yes,99900000.0,"#Dribbler, #Engine","Flair, Playmaker (AI), Technical Dribbler (AI)",77.0,78.0,79.0,89.0,59.0,78.0,73,78,78,84,83,89,81,65,76,90,77,77,85,86,86,79,81,87,74,76,75,58,82,83,72,88,55,64,42,8,11,9,6,10,,81+3,81+3,81+3,83,83,83,83,83,84+1,84+1,84+1,83+2,82+3,82+3,82+3,83+2,72+3,72+3,72+3,72+3,72+3,69+3,67+3,67+3,67+3,69+3,17+3,https://cdn.sofifa.net/players/201/942/22_120.png,https://cdn.sofifa.net/teams/9/60.png,https://cdn.sofifa.net/flags/gb-eng.png,,https://cdn.sofifa.net/flags/br.png
102,183711,https://sofifa.com/player/183711/jordan-henderson/220002,J. Henderson,Jordan Henderson,"CDM, CM",84,84,29500000.0,140000.0,31,1990-06-17,182,80,9.0,Liverpool,English Premier League,1.0,RCM,14.0,,2011-06-09,2025.0,14,England,1318.0,SUB,8.0,Right,3,3,3,High/High,Normal (170-185),Yes,54600000.0,#Engine,"Leadership, Early Crosser, Long Passer (AI), Team Player",66.0,74.0,83.0,79.0,78.0,81.0,82,73,65,85,71,78,80,74,87,83,67,66,69,85,68,77,78,86,78,75,83,81,78,80,64,82,79,81,76,7,13,7,9,13,,76+3,76+3,76+3,78,78,78,78,78,79+3,79+3,79+3,80+3,82+2,82+2,82+2,80+3,80+3,82+2,82+2,82+2,80+3,79+3,79+3,79+3,79+3,79+3,19+3,https://cdn.sofifa.net/players/183/711/22_120.png,https://cdn.sofifa.net/teams/9/60.png,https://cdn.sofifa.net/flags/gb-eng.png,https://cdn.sofifa.net/teams/1318/60.png,https://cdn.sofifa.net/flags/gb-eng.png
158,197061,https://sofifa.com/player/197061/joel-matip/220002,J. Matip,Joël Andre Job Matip,CB,83,83,30500000.0,130000.0,29,1991-08-08,194,90,9.0,Liverpool,English Premier League,1.0,RCB,32.0,,2016-07-01,2024.0,103,Cameroon,,,,Right,2,2,2,Medium/Medium,Lean (185+),Yes,56400000.0,"#Aerial Threat, #Tactician ",Injury Prone,58.0,46.0,68.0,68.0,85.0,78.0,54,36,84,77,50,69,63,22,74,72,50,65,51,84,42,66,75,69,81,48,84,86,48,72,42,80,86,86,81,11,15,10,7,10,,62+2,62+2,62+2,62,64,64,64,62,66+2,66+2,66+2,65+2,72+2,72+2,72+2,65+2,74+2,80+2,80+2,80+2,74+2,76+2,83,83,83,76+2,19+2,https://cdn.sofifa.net/players/197/061/22_120.png,https://cdn.sofifa.net/teams/9/60.png,https://cdn.sofifa.net/flags/gb-eng.png,,https://cdn.sofifa.net/flags/cm.png
256,224458,https://sofifa.com/player/224458/diogo-jose-teixeira-da-silva/220002,Diogo Jota,Diogo José Teixeira da Silva,"LW, ST",82,87,46000000.0,120000.0,24,1996-12-04,178,73,9.0,Liverpool,English Premier League,1.0,SUB,20.0,,2020-09-19,2025.0,38,Portugal,1354.0,LW,21.0,Right,5,4,2,High/High,Normal (170-185),Yes,88600000.0,#Acrobat,Speed Dribbler (AI),84.0,81.0,73.0,85.0,57.0,77.0,71,84,77,75,78,85,77,58,71,85,88,81,87,84,86,84,76,81,71,75,85,56,85,75,63,83,54,57,45,7,12,15,9,11,,82+2,82+2,82+2,82,82,82,82,82,81+2,81+2,81+2,81+2,77+2,77+2,77+2,81+2,69+2,69+2,69+2,69+2,69+2,68+2,65+2,65+2,65+2,68+2,18+2,https://cdn.sofifa.net/players/224/458/22_120.png,https://cdn.sofifa.net/teams/9/60.png,https://cdn.sofifa.net/flags/gb-eng.png,https://cdn.sofifa.net/teams/1354/60.png,https://cdn.sofifa.net/flags/pt.png
257,225100,https://sofifa.com/player/225100/joe-gomez/220002,J. Gomez,Joe Gomez,CB,82,88,43500000.0,100000.0,24,1997-05-23,188,77,9.0,Liverpool,English Premier League,1.0,SUB,12.0,,2015-06-20,2024.0,14,England,,,,Right,3,3,2,Medium/Medium,Unique,Yes,89200000.0,,"Long Throw-in, Injury Prone",81.0,30.0,66.0,69.0,83.0,78.0,69,26,74,78,24,67,41,29,65,73,75,85,63,82,65,41,76,67,83,26,81,84,51,60,26,74,83,84,82,8,13,14,7,7,,58+2,58+2,58+2,64,62,62,62,64,64+2,64+2,64+2,68+2,68+2,68+2,68+2,68+2,78+2,78+2,78+2,78+2,78+2,79+2,81+2,81+2,81+2,79+2,17+2,https://cdn.sofifa.net/players/225/100/22_120.png,https://cdn.sofifa.net/teams/9/60.png,https://cdn.sofifa.net/flags/gb-eng.png,,https://cdn.sofifa.net/flags/gb-eng.png
461,220971,https://sofifa.com/player/220971/naby-keita/220002,N. Keïta,Naby Keïta,CM,80,83,27500000.0,110000.0,26,1995-02-10,172,64,9.0,Liverpool,English Premier League,1.0,SUB,8.0,,2018-07-01,2023.0,118,Guinea,,,,Right,4,4,2,Medium/Medium,Lean (170-185),Yes,52900000.0,#Acrobat,"Injury Prone, Flair, Long Shot Taker (AI), Technical Dribbler (AI)",70.0,73.0,75.0,85.0,65.0,66.0,62,74,42,83,71,85,64,70,75,86,77,65,88,80,90,76,52,73,59,73,78,76,74,80,58,81,68,64,62,7,14,15,14,9,,73+2,73+2,73+2,78,78,78,78,78,80+2,80+2,80+2,78+2,79+2,79+2,79+2,78+2,73+2,75+2,75+2,75+2,73+2,70+2,66+2,66+2,66+2,70+2,19+2,https://cdn.sofifa.net/players/220/971/22_120.png,https://cdn.sofifa.net/teams/9/60.png,https://cdn.sofifa.net/flags/gb-eng.png,,https://cdn.sofifa.net/flags/gn.png
510,138412,https://sofifa.com/player/138412/james-milner/220002,J. Milner,James Philip Milner,"CM, LB, RB",79,79,7000000.0,76000.0,35,1986-01-04,175,70,9.0,Liverpool,English Premier League,1.0,SUB,7.0,,2015-07-01,2022.0,14,England,,,,Right,4,3,2,Medium/High,Stocky (170-185),Yes,13000000.0,,"Leadership, Team Player",56.0,70.0,81.0,77.0,77.0,75.0,85,62,65,82,76,76,81,75,80,81,60,52,68,84,72,82,62,77,70,70,86,78,71,77,89,84,77,80,78,12,9,10,8,6,,71+2,71+2,71+2,74,74,74,74,74,75+2,75+2,75+2,75+2,79,79,79,75+2,78+1,80-1,80-1,80-1,78+1,76+2,76+2,76+2,76+2,76+2,17+2,https://cdn.sofifa.net/players/138/412/22_120.png,https://cdn.sofifa.net/teams/9/60.png,https://cdn.sofifa.net/flags/gb-eng.png,,https://cdn.sofifa.net/flags/gb-eng.png
549,198784,https://sofifa.com/player/198784/alex-oxlade-chamberlain/220002,A. Oxlade-Chamberlain,Alex Oxlade-Chamberlain,CM,79,79,18500000.0,100000.0,27,1993-08-15,175,70,9.0,Liverpool,English Premier League,1.0,SUB,15.0,,2017-08-31,2023.0,14,England,,,,Right,4,4,2,High/High,Normal (170-185),Yes,34200000.0,,"Injury Prone, Flair, Long Shot Taker (AI), Speed Dribbler (AI)",81.0,74.0,77.0,82.0,67.0,74.0,78,70,39,80,60,83,73,60,75,83,82,81,79,78,87,83,69,80,70,78,77,73,79,79,69,77,68,72,68,16,9,6,9,9,,74+2,74+2,74+2,80-1,79,79,79,80-1,80-1,80-1,80-1,80-1,79,79,79,80-1,76+2,75+2,75+2,75+2,76+2,74+2,69+2,69+2,69+2,74+2,18+2,https://cdn.sofifa.net/players/198/784/22_120.png,https://cdn.sofifa.net/teams/9/60.png,https://cdn.sofifa.net/flags/gb-eng.png,,https://cdn.sofifa.net/flags/gb-eng.png
832,237678,https://sofifa.com/player/237678/ibrahima-konate/220002,I. Konaté,Ibrahima Konaté,CB,78,86,29500000.0,73000.0,22,1999-05-25,194,95,9.0,Liverpool,English Premier League,1.0,SUB,5.0,,2021-07-01,2026.0,18,France,,,,Right,2,3,2,Medium/High,Normal (185+),Yes,60500000.0,#Aerial Threat,Injury Prone,71.0,34.0,57.0,67.0,80.0,76.0,38,29,77,75,28,67,32,27,69,69,67,75,60,71,54,45,74,61,83,31,77,78,37,51,41,74,76,85,79,9,7,9,9,15,,55+2,55+2,55+2,57,57,57,57,57,60+2,60+2,60+2,60+2,64+2,64+2,64+2,60+2,69+2,74+2,74+2,74+2,69+2,72+2,78+2,78+2,78+2,72+2,17+2,https://cdn.sofifa.net/players/237/678/22_120.png,https://cdn.sofifa.net/teams/9/60.png,https://cdn.sofifa.net/flags/gb-eng.png,,https://cdn.sofifa.net/flags/fr.png
1294,213135,https://sofifa.com/player/213135/divock-origi/220002,D. Origi,Divock Okoth Origi,"ST, LW",76,79,10000000.0,88000.0,26,1995-04-18,189,90,9.0,Liverpool,English Premier League,1.0,SUB,27.0,,2014-07-29,2024.0,7,Belgium,,,,Right,4,4,2,High/Medium,Lean (185+),Yes,19300000.0,,"Flair, Team Player, Technical Dribbler (AI)",79.0,75.0,67.0,75.0,27.0,74.0,69,76,74,73,70,76,54,40,59,77,73,84,71,76,64,80,76,70,77,70,69,28,77,69,65,77,16,24,18,15,13,16,11,15,,76+2,76+2,76+2,75,76,76,76,75,74+2,74+2,74+2,74+2,67+2,67+2,67+2,74+2,54+2,52+2,52+2,52+2,54+2,51+2,46+2,46+2,46+2,51+2,21+2,https://cdn.sofifa.net/players/213/135/22_120.png,https://cdn.sofifa.net/teams/9/60.png,https://cdn.sofifa.net/flags/gb-eng.png,,https://cdn.sofifa.net/flags/be.png
1618,203775,https://sofifa.com/player/203775/loris-karius/220002,L. Karius,Loris Karius,GK,75,78,5000000.0,61000.0,28,1993-06-22,189,87,9.0,Liverpool,English Premier League,1.0,RES,22.0,,2016-07-01,2022.0,21,Germany,,,,Right,3,1,2,Medium/Medium,Normal (185+),Yes,9600000.0,,Rushes Out Of Goal,,,,,,,14,18,14,38,14,16,12,14,41,23,55,54,51,72,43,56,74,36,64,16,21,13,8,50,19,60,9,11,13,80,68,75,72,79,55.0,31+2,31+2,31+2,30,32,32,32,30,33+2,33+2,33+2,32+2,33+2,33+2,33+2,32+2,27+2,29+2,29+2,29+2,27+2,27+2,25+2,25+2,25+2,27+2,74+2,https://cdn.sofifa.net/players/203/775/22_120.png,https://cdn.sofifa.net/teams/9/60.png,https://cdn.sofifa.net/flags/gb-eng.png,,https://cdn.sofifa.net/flags/de.png
1797,226627,https://sofifa.com/player/226627/takumi-minamino/220002,T. Minamino,南野 拓実,"RW, ST, LM",75,76,6500000.0,84000.0,26,1995-01-16,174,67,9.0,Liverpool,English Premier League,1.0,RES,18.0,,2020-01-01,2024.0,163,Japan,,,,Right,4,3,1,High/Medium,Lean (170-185),No,12500000.0,,Solid Player,79.0,73.0,69.0,81.0,36.0,63.0,66,75,50,71,70,81,73,69,63,78,83,75,89,71,86,71,76,76,55,73,61,49,70,70,72,79,32,30,26,9,12,8,15,14,,71+2,71+2,71+2,75,74,74,74,75,74+2,74+2,74+2,74+2,69+2,69+2,69+2,74+2,59+2,56+2,56+2,56+2,59+2,55+2,47+2,47+2,47+2,55+2,19+2,https://cdn.sofifa.net/players/226/627/22_120.png,https://cdn.sofifa.net/teams/9/60.png,https://cdn.sofifa.net/flags/gb-eng.png,,https://cdn.sofifa.net/flags/jp.png
2046,194911,https://sofifa.com/player/194911/adrian-san-miguel-castillo/220002,Adrián,Adrián San Miguel del Castillo,GK,74,74,725000.0,53000.0,34,1987-01-03,190,80,9.0,Liverpool,English Premier League,1.0,RES,13.0,,2019-08-05,2023.0,45,Spain,,,,Right,2,1,2,Medium/Medium,Normal (185+),Yes,1300000.0,,Saves with Feet,,,,,,,12,16,15,21,12,15,12,17,32,23,46,44,53,71,48,51,69,38,63,20,38,25,12,32,44,59,18,19,14,77,70,68,72,77,45.0,29+2,29+2,29+2,26,28,28,28,26,27+2,27+2,27+2,27+2,28+2,28+2,28+2,27+2,27+2,29+2,29+2,29+2,27+2,27+2,29+2,29+2,29+2,27+2,73+1,https://cdn.sofifa.net/players/194/911/22_120.png,https://cdn.sofifa.net/teams/9/60.png,https://cdn.sofifa.net/flags/gb-eng.png,,https://cdn.sofifa.net/flags/es.png
2297,232223,https://sofifa.com/player/232223/konstantinos-tsimikas/220002,K. Tsimikas,Konstantinos Tsimikas,"LB, LWB",74,78,5500000.0,62000.0,25,1996-05-12,179,68,9.0,Liverpool,English Premier League,1.0,SUB,21.0,,2020-08-10,2025.0,22,Greece,1338.0,LB,21.0,Left,3,3,1,High/High,Normal (170-185),Yes,10600000.0,,Speed Dribbler (AI),83.0,57.0,69.0,72.0,69.0,74.0,76,49,53,69,39,71,73,68,66,72,87,80,78,72,73,69,74,77,71,64,76,68,69,64,54,67,69,73,71,8,12,8,13,10,,65+2,65+2,65+2,70,68,68,68,70,69+2,69+2,69+2,71+2,69+2,69+2,69+2,71+2,73+2,70+2,70+2,70+2,73+2,72+2,69+2,69+2,69+2,72+2,17+2,https://cdn.sofifa.net/players/232/223/22_120.png,https://cdn.sofifa.net/teams/9/60.png,https://cdn.sofifa.net/flags/gb-eng.png,https://cdn.sofifa.net/teams/1338/60.png,https://cdn.sofifa.net/flags/gr.png
3001,240926,https://sofifa.com/player/240926/nathaniel-phillips/220002,N. Phillips,Nathaniel Phillips,CB,73,79,4400000.0,52000.0,24,1997-03-21,190,84,9.0,Liverpool,English Premier League,1.0,SUB,47.0,,2017-08-01,2025.0,14,England,,,,Right,2,2,1,Low/Medium,Normal (185+),Yes,9000000.0,,,53.0,30.0,49.0,51.0,73.0,78.0,30,23,78,66,30,48,29,35,58,52,51,54,44,69,55,49,78,69,82,21,80,69,28,39,45,62,74,75,70,9,6,6,12,10,,48+2,48+2,48+2,45,46,46,46,45,47+2,47+2,47+2,49+2,54+2,54+2,54+2,49+2,61+2,67+2,67+2,67+2,61+2,64+2,73+2,73+2,73+2,64+2,16+2,https://cdn.sofifa.net/players/240/926/22_120.png,https://cdn.sofifa.net/teams/9/60.png,https://cdn.sofifa.net/flags/gb-eng.png,,https://cdn.sofifa.net/flags/gb-eng.png
3017,242434,https://sofifa.com/player/242434/curtis-jones/220002,C. Jones,Curtis Jones,CM,73,85,7500000.0,49000.0,20,2001-01-30,185,75,9.0,Liverpool,English Premier League,1.0,SUB,17.0,,2018-02-01,2025.0,14,England,,,,Right,4,4,1,High/Medium,Lean (185+),Yes,15400000.0,,Flair,67.0,65.0,70.0,76.0,63.0,70.0,63,63,50,75,55,77,66,47,72,78,69,66,74,71,70,71,57,81,66,68,70,65,67,73,60,77,64,66,58,6,13,7,11,7,,67+2,67+2,67+2,71,71,71,71,71,73+2,73+2,73+2,72+2,73+2,73+2,73+2,72+2,69+2,70+2,70+2,70+2,69+2,67+2,64+2,64+2,64+2,67+2,16+2,https://cdn.sofifa.net/players/242/434/22_120.png,https://cdn.sofifa.net/teams/9/60.png,https://cdn.sofifa.net/flags/gb-eng.png,,https://cdn.sofifa.net/flags/gb-eng.png
3040,246174,https://sofifa.com/player/246174/harvey-elliott/220002,H. Elliott,Harvey Elliott,"RW, CM",73,87,7000000.0,29000.0,18,2003-04-04,170,64,9.0,Liverpool,English Premier League,1.0,SUB,67.0,,2019-07-28,2025.0,14,England,,,,Left,4,4,1,Medium/Medium,Lean (170-),No,17300000.0,,"Finesse Shot, Flair, Outside Foot Shot",79.0,62.0,71.0,78.0,30.0,41.0,72,64,40,73,48,77,56,57,68,77,82,77,87,69,86,60,40,66,33,62,32,30,67,76,59,70,32,29,21,10,10,6,14,7,,64+2,64+2,64+2,73,71,71,71,73,73+2,73+2,73+2,73+2,68+2,68+2,68+2,73+2,56+2,51+2,51+2,51+2,56+2,51+2,38+2,38+2,38+2,51+2,17+2,https://cdn.sofifa.net/players/246/174/22_120.png,https://cdn.sofifa.net/teams/9/60.png,https://cdn.sofifa.net/flags/gb-eng.png,,https://cdn.sofifa.net/flags/gb-eng.png
7212,243057,https://sofifa.com/player/243057/neco-williams/220002,N. Williams,Neco Williams,RB,68,82,2800000.0,21000.0,20,2001-04-13,183,72,9.0,Liverpool,English Premier League,1.0,RES,76.0,,2018-04-13,2025.0,50,Wales,1367.0,SUB,3.0,Right,3,2,1,Medium/Medium,Lean (170-185),Yes,6900000.0,,,74.0,36.0,61.0,68.0,63.0,59.0,69,35,50,67,36,66,52,39,61,67,76,73,73,66,78,42,61,64,56,29,61,64,42,48,45,64,65,66,63,10,11,7,14,15,,52+2,52+2,52+2,60,56,56,56,60,58+2,58+2,58+2,62+2,60+2,60+2,60+2,62+2,67+2,64+2,64+2,64+2,67+2,66+2,62+2,62+2,62+2,66+2,18+2,https://cdn.sofifa.net/players/243/057/22_120.png,https://cdn.sofifa.net/teams/9/60.png,https://cdn.sofifa.net/flags/gb-eng.png,https://cdn.sofifa.net/teams/1367/60.png,https://cdn.sofifa.net/flags/gb-wls.png
8269,240913,https://sofifa.com/player/240913/caoimhin-kelleher/220002,C. Kelleher,Caoimhin Kelleher,GK,67,79,2200000.0,17000.0,22,1998-11-23,188,74,9.0,Liverpool,English Premier League,1.0,SUB,62.0,,2017-07-01,2022.0,25,Republic of Ireland,1355.0,SUB,16.0,Right,3,1,1,Medium/Medium,Lean (185+),Yes,4500000.0,,,,,,,,,13,6,13,32,9,10,12,11,36,14,41,38,42,63,48,50,68,19,54,8,21,12,4,31,14,40,18,10,14,67,63,67,64,70,40.0,23+2,23+2,23+2,22,23,23,23,22,24+2,24+2,24+2,23+2,25+2,25+2,25+2,23+2,22+2,25+2,25+2,25+2,22+2,22+2,23+2,23+2,23+2,22+2,66+2,https://cdn.sofifa.net/players/240/913/22_120.png,https://cdn.sofifa.net/teams/9/60.png,https://cdn.sofifa.net/flags/gb-eng.png,https://cdn.sofifa.net/teams/1355/60.png,https://cdn.sofifa.net/flags/ie.png
15946,264561,https://sofifa.com/player/264561/james-norris/220002,J. Norris,James Norris,LB,60,77,600000.0,3000.0,18,2003-04-04,178,73,9.0,Liverpool,English Premier League,1.0,RES,54.0,,2021-08-30,2023.0,14,England,,,,Left,3,2,1,High/Medium,Normal (170-185),No,1500000.0,,,72.0,35.0,51.0,50.0,57.0,54.0,60,30,50,55,31,54,34,36,53,42,71,73,56,51,58,36,55,59,52,36,51,53,60,42,43,42,49,67,65,10,9,12,7,14,,47+2,47+2,47+2,52,49,49,49,52,50+2,50+2,50+2,54+2,51+2,51+2,51+2,54+2,58+2,54+2,54+2,54+2,58+2,58+2,56+2,56+2,56+2,58+2,15+2,https://cdn.sofifa.net/players/264/561/22_120.png,https://cdn.sofifa.net/teams/9/60.png,https://cdn.sofifa.net/flags/gb-eng.png,,https://cdn.sofifa.net/flags/gb-eng.png
17079,242787,https://sofifa.com/player/242787/elijah-dixon-bonner/220002,E. Dixon-Bonner,Elijah Dixon-Bonner,CDM,57,73,400000.0,8000.0,20,2001-01-01,180,66,9.0,Liverpool,English Premier League,1.0,RES,45.0,,2018-02-23,2023.0,14,England,,,,Right,2,2,1,Medium/Medium,Lean (170-185),No,990000.0,,,64.0,51.0,56.0,61.0,53.0,53.0,50,48,47,61,45,59,48,43,56,57,63,65,74,60,80,56,55,62,44,50,63,51,58,56,52,57,53,57,52,11,7,5,6,15,,55+2,55+2,55+2,58,57,57,57,58,58+2,58+2,58+2,58+2,57+2,57+2,57+2,58+2,57+2,56+2,56+2,56+2,57+2,56+2,54+2,54+2,54+2,56+2,15+2,https://cdn.sofifa.net/players/242/787/22_120.png,https://cdn.sofifa.net/teams/9/60.png,https://cdn.sofifa.net/flags/gb-eng.png,,https://cdn.sofifa.net/flags/gb-eng.png
17142,250866,https://sofifa.com/player/250866/morgan-boyes/220002,M. Boyes,Morgan Boyes,"CB, LB",57,72,375000.0,8000.0,20,2001-04-22,179,65,9.0,Liverpool,English Premier League,1.0,RES,52.0,,2019-07-01,2022.0,50,Wales,,,,Left,2,2,1,Low/Medium,Lean (170-185),No,928000.0,,,65.0,36.0,49.0,58.0,57.0,56.0,53,30,52,52,34,56,45,42,42,56,70,60,70,58,80,45,64,54,55,35,57,60,48,47,50,44,55,59,58,6,5,7,10,6,,48+2,48+2,48+2,52,51,51,51,52,51+2,51+2,51+2,53+2,51+2,51+2,51+2,53+2,57+2,55+2,55+2,55+2,57+2,57+2,57+2,57+2,57+2,57+2,12+2,https://cdn.sofifa.net/players/250/866/22_120.png,https://cdn.sofifa.net/teams/9/60.png,https://cdn.sofifa.net/flags/gb-eng.png,,https://cdn.sofifa.net/flags/gb-wls.png
17178,253429,https://sofifa.com/player/253429/tom-clayton/220002,T. Clayton,Thomas Clayton,CB,57,73,400000.0,8000.0,20,2000-12-27,183,71,9.0,Liverpool,English Premier League,1.0,RES,57.0,,2019-07-01,2022.0,42,Scotland,,,,Right,2,2,1,Medium/Medium,Lean (170-185),No,990000.0,,,61.0,32.0,40.0,45.0,57.0,60.0,32,28,54,50,31,40,29,37,42,45,62,60,55,51,67,41,75,51,65,29,54,58,29,30,43,50,55,59,57,6,14,8,12,6,,42+2,42+2,42+2,42,41,41,41,42,41+2,41+2,41+2,43+2,43+2,43+2,43+2,43+2,51+2,52+2,52+2,52+2,51+2,53+2,57+2,57+2,57+2,53+2,14+2,https://cdn.sofifa.net/players/253/429/22_120.png,https://cdn.sofifa.net/teams/9/60.png,https://cdn.sofifa.net/flags/gb-eng.png,,https://cdn.sofifa.net/flags/gb-sct.png
17187,254588,https://sofifa.com/player/254588/billy-koumetio/220002,B. Koumetio,Billy Koumetio,CB,57,78,500000.0,3000.0,18,2002-11-14,195,81,9.0,Liverpool,English Premier League,1.0,RES,89.0,,2019-01-23,2022.0,18,France,,,,Left,3,2,1,Medium/Medium,Normal (185+),Yes,1400000.0,,,53.0,32.0,41.0,36.0,58.0,60.0,33,29,54,48,28,31,36,28,40,37,51,55,41,48,44,45,57,54,65,23,57,57,31,40,40,50,55,62,59,14,11,6,14,9,,41+2,41+2,41+2,38,39,39,39,38,39+2,39+2,39+2,40+2,42+2,42+2,42+2,40+2,50+2,51+2,51+2,51+2,50+2,52+2,57+2,57+2,57+2,52+2,16+2,https://cdn.sofifa.net/players/254/588/22_120.png,https://cdn.sofifa.net/teams/9/60.png,https://cdn.sofifa.net/flags/gb-eng.png,,https://cdn.sofifa.net/flags/fr.png
17275,259430,https://sofifa.com/player/259430/marcelo-pitaluga/220002,Marcelo Pitaluga,Marcelo Pitaluga,GK,57,78,475000.0,1000.0,18,2002-12-20,191,78,9.0,Liverpool,English Premier League,1.0,RES,53.0,,2020-10-08,2023.0,54,Brazil,,,,Right,1,1,1,Medium/Medium,Lean (185+),No,1400000.0,,,,,,,,,13,8,10,27,8,12,10,14,23,14,38,29,30,50,25,39,60,19,59,7,28,6,4,27,10,27,7,14,11,60,50,52,56,64,34.0,21+2,21+2,21+2,19,20,20,20,19,21+2,21+2,21+2,21+2,21+2,21+2,21+2,21+2,19+2,21+2,21+2,21+2,19+2,18+2,21+2,21+2,21+2,18+2,56+2,https://cdn.sofifa.net/players/259/430/22_120.png,https://cdn.sofifa.net/teams/9/60.png,https://cdn.sofifa.net/flags/gb-eng.png,,https://cdn.sofifa.net/flags/br.png
